<annotation>
	<folder>non_workers</folder>
	<filename>applauding_070.jpg</filename>
	<path>D:\Workspace\YOLO_annotation\dataset_images\non_workers\applauding_070.jpg</path>
	<source>
		<database>Unknown</database>
	</source>
	<size>
		<width>442</width>
		<height>300</height>
		<depth>3</depth>
	</size>
	<segmented>0</segmented>
	<object>
		<name>person without helmet</name>
		<pose>Unspecified</pose>
		<truncated>0</truncated>
		<difficult>0</difficult>
		<bndbox>
			<xmin>243</xmin>
			<ymin>19</ymin>
			<xmax>372</xmax>
			<ymax>297</ymax>
		</bndbox>
	</object>
</annotation>
