<annotation>
	<folder>non_workers</folder>
	<filename>applauding_020.jpg</filename>
	<path>D:\Workspace\YOLO_annotation\dataset_images\non_workers\applauding_020.jpg</path>
	<source>
		<database>Unknown</database>
	</source>
	<size>
		<width>413</width>
		<height>400</height>
		<depth>3</depth>
	</size>
	<segmented>0</segmented>
	<object>
		<name>person without helmet</name>
		<pose>Unspecified</pose>
		<truncated>1</truncated>
		<difficult>0</difficult>
		<bndbox>
			<xmin>74</xmin>
			<ymin>30</ymin>
			<xmax>244</xmax>
			<ymax>400</ymax>
		</bndbox>
	</object>
</annotation>
