<annotation>
	<folder>non_workers</folder>
	<filename>applauding_064.jpg</filename>
	<path>D:\Workspace\YOLO_annotation\dataset_images\non_workers\applauding_064.jpg</path>
	<source>
		<database>Unknown</database>
	</source>
	<size>
		<width>268</width>
		<height>200</height>
		<depth>3</depth>
	</size>
	<segmented>0</segmented>
	<object>
		<name>person without helmet</name>
		<pose>Unspecified</pose>
		<truncated>0</truncated>
		<difficult>0</difficult>
		<bndbox>
			<xmin>60</xmin>
			<ymin>5</ymin>
			<xmax>143</xmax>
			<ymax>199</ymax>
		</bndbox>
	</object>
</annotation>
