<annotation>
	<folder>non_workers</folder>
	<filename>applauding_044.jpg</filename>
	<path>D:\Workspace\YOLO_annotation\dataset_images\non_workers\applauding_044.jpg</path>
	<source>
		<database>Unknown</database>
	</source>
	<size>
		<width>440</width>
		<height>300</height>
		<depth>3</depth>
	</size>
	<segmented>0</segmented>
	<object>
		<name>person without helmet</name>
		<pose>Unspecified</pose>
		<truncated>0</truncated>
		<difficult>0</difficult>
		<bndbox>
			<xmin>28</xmin>
			<ymin>24</ymin>
			<xmax>155</xmax>
			<ymax>298</ymax>
		</bndbox>
	</object>
	<object>
		<name>person without helmet</name>
		<pose>Unspecified</pose>
		<truncated>1</truncated>
		<difficult>0</difficult>
		<bndbox>
			<xmin>273</xmin>
			<ymin>8</ymin>
			<xmax>418</xmax>
			<ymax>300</ymax>
		</bndbox>
	</object>
</annotation>
