<annotation>
	<folder>non_workers</folder>
	<filename>applauding_002.jpg</filename>
	<path>D:\Workspace\YOLO_annotation\dataset_images\non_workers\applauding_002.jpg</path>
	<source>
		<database>Unknown</database>
	</source>
	<size>
		<width>421</width>
		<height>300</height>
		<depth>3</depth>
	</size>
	<segmented>0</segmented>
	<object>
		<name>person without helmet</name>
		<pose>Unspecified</pose>
		<truncated>0</truncated>
		<difficult>0</difficult>
		<bndbox>
			<xmin>6</xmin>
			<ymin>49</ymin>
			<xmax>161</xmax>
			<ymax>231</ymax>
		</bndbox>
	</object>
	<object>
		<name>person without helmet</name>
		<pose>Unspecified</pose>
		<truncated>0</truncated>
		<difficult>0</difficult>
		<bndbox>
			<xmin>205</xmin>
			<ymin>16</ymin>
			<xmax>420</xmax>
			<ymax>277</ymax>
		</bndbox>
	</object>
</annotation>
