<annotation>
	<folder>non_workers</folder>
	<filename>applauding_122.jpg</filename>
	<path>D:\Workspace\YOLO_annotation\dataset_images\non_workers\applauding_122.jpg</path>
	<source>
		<database>Unknown</database>
	</source>
	<size>
		<width>420</width>
		<height>300</height>
		<depth>3</depth>
	</size>
	<segmented>0</segmented>
	<object>
		<name>person without helmet</name>
		<pose>Unspecified</pose>
		<truncated>0</truncated>
		<difficult>0</difficult>
		<bndbox>
			<xmin>278</xmin>
			<ymin>79</ymin>
			<xmax>413</xmax>
			<ymax>294</ymax>
		</bndbox>
	</object>
	<object>
		<name>person without helmet</name>
		<pose>Unspecified</pose>
		<truncated>1</truncated>
		<difficult>0</difficult>
		<bndbox>
			<xmin>126</xmin>
			<ymin>12</ymin>
			<xmax>245</xmax>
			<ymax>300</ymax>
		</bndbox>
	</object>
</annotation>
