<annotation>
	<folder>person_without_helmet</folder>
	<filename>person_without_helmet (252).jpg</filename>
	<path>C:\Users\nasir.shah\Desktop\person_without_helmet\person_without_helmet (252).jpg</path>
	<source>
		<database>Unknown</database>
	</source>
	<size>
		<width>334</width>
		<height>200</height>
		<depth>3</depth>
	</size>
	<segmented>0</segmented>
	<object>
		<name>person without helmet</name>
		<pose>Unspecified</pose>
		<truncated>1</truncated>
		<difficult>0</difficult>
		<bndbox>
			<xmin>53</xmin>
			<ymin>74</ymin>
			<xmax>135</xmax>
			<ymax>200</ymax>
		</bndbox>
	</object>
	<object>
		<name>person without helmet</name>
		<pose>Unspecified</pose>
		<truncated>0</truncated>
		<difficult>0</difficult>
		<bndbox>
			<xmin>181</xmin>
			<ymin>135</ymin>
			<xmax>223</xmax>
			<ymax>183</ymax>
		</bndbox>
	</object>
	<object>
		<name>person without helmet</name>
		<pose>Unspecified</pose>
		<truncated>0</truncated>
		<difficult>0</difficult>
		<bndbox>
			<xmin>221</xmin>
			<ymin>141</ymin>
			<xmax>262</xmax>
			<ymax>181</ymax>
		</bndbox>
	</object>
</annotation>
