<annotation>
	<folder>person_without_helmet</folder>
	<filename>person_without_helmet (235).jpg</filename>
	<path>C:\Users\nasir.shah\Desktop\person_without_helmet\person_without_helmet (235).jpg</path>
	<source>
		<database>Unknown</database>
	</source>
	<size>
		<width>313</width>
		<height>200</height>
		<depth>3</depth>
	</size>
	<segmented>0</segmented>
	<object>
		<name>person without helmet</name>
		<pose>Unspecified</pose>
		<truncated>0</truncated>
		<difficult>0</difficult>
		<bndbox>
			<xmin>35</xmin>
			<ymin>66</ymin>
			<xmax>87</xmax>
			<ymax>122</ymax>
		</bndbox>
	</object>
	<object>
		<name>person without helmet</name>
		<pose>Unspecified</pose>
		<truncated>0</truncated>
		<difficult>0</difficult>
		<bndbox>
			<xmin>87</xmin>
			<ymin>85</ymin>
			<xmax>121</xmax>
			<ymax>128</ymax>
		</bndbox>
	</object>
	<object>
		<name>person without helmet</name>
		<pose>Unspecified</pose>
		<truncated>0</truncated>
		<difficult>0</difficult>
		<bndbox>
			<xmin>153</xmin>
			<ymin>90</ymin>
			<xmax>212</xmax>
			<ymax>186</ymax>
		</bndbox>
	</object>
	<object>
		<name>person without helmet</name>
		<pose>Unspecified</pose>
		<truncated>0</truncated>
		<difficult>0</difficult>
		<bndbox>
			<xmin>237</xmin>
			<ymin>55</ymin>
			<xmax>267</xmax>
			<ymax>93</ymax>
		</bndbox>
	</object>
</annotation>
