<annotation>
	<folder>non_workers</folder>
	<filename>person_without_helmet (12).jpg</filename>
	<path>D:\Workspace\YOLO_annotation\dataset_images\non_workers\person_without_helmet (12).jpg</path>
	<source>
		<database>Unknown</database>
	</source>
	<size>
		<width>300</width>
		<height>451</height>
		<depth>3</depth>
	</size>
	<segmented>0</segmented>
	<object>
		<name>person without helmet</name>
		<pose>Unspecified</pose>
		<truncated>0</truncated>
		<difficult>0</difficult>
		<bndbox>
			<xmin>101</xmin>
			<ymin>63</ymin>
			<xmax>276</xmax>
			<ymax>447</ymax>
		</bndbox>
	</object>
</annotation>
