<annotation>
	<folder>non_workers</folder>
	<filename>person_without_helmet (93).jpg</filename>
	<path>D:\Workspace\YOLO_annotation\dataset_images\non_workers\person_without_helmet (93).jpg</path>
	<source>
		<database>Unknown</database>
	</source>
	<size>
		<width>200</width>
		<height>235</height>
		<depth>3</depth>
	</size>
	<segmented>0</segmented>
	<object>
		<name>person without helmet</name>
		<pose>Unspecified</pose>
		<truncated>1</truncated>
		<difficult>0</difficult>
		<bndbox>
			<xmin>95</xmin>
			<ymin>17</ymin>
			<xmax>166</xmax>
			<ymax>235</ymax>
		</bndbox>
	</object>
</annotation>
