<annotation>
	<folder>non_workers</folder>
	<filename>person_without_helmet (5).jpg</filename>
	<path>D:\Workspace\YOLO_annotation\dataset_images\non_workers\person_without_helmet (5).jpg</path>
	<source>
		<database>Unknown</database>
	</source>
	<size>
		<width>200</width>
		<height>290</height>
		<depth>3</depth>
	</size>
	<segmented>0</segmented>
	<object>
		<name>person without helmet</name>
		<pose>Unspecified</pose>
		<truncated>1</truncated>
		<difficult>0</difficult>
		<bndbox>
			<xmin>16</xmin>
			<ymin>37</ymin>
			<xmax>200</xmax>
			<ymax>245</ymax>
		</bndbox>
	</object>
</annotation>
