<annotation>
	<folder>non_workers</folder>
	<filename>person_without_helmet (62).jpg</filename>
	<path>D:\Workspace\YOLO_annotation\dataset_images\non_workers\person_without_helmet (62).jpg</path>
	<source>
		<database>Unknown</database>
	</source>
	<size>
		<width>356</width>
		<height>200</height>
		<depth>3</depth>
	</size>
	<segmented>0</segmented>
	<object>
		<name>person without helmet</name>
		<pose>Unspecified</pose>
		<truncated>0</truncated>
		<difficult>0</difficult>
		<bndbox>
			<xmin>110</xmin>
			<ymin>28</ymin>
			<xmax>193</xmax>
			<ymax>148</ymax>
		</bndbox>
	</object>
	<object>
		<name>person without helmet</name>
		<pose>Unspecified</pose>
		<truncated>0</truncated>
		<difficult>0</difficult>
		<bndbox>
			<xmin>210</xmin>
			<ymin>21</ymin>
			<xmax>292</xmax>
			<ymax>162</ymax>
		</bndbox>
	</object>
</annotation>
