<annotation>
	<folder>all_images_folder</folder>
	<filename>worker (120).jpg</filename>
	<path>D:\dataset\all_images_folder\worker (120).jpg</path>
	<source>
		<database>Unknown</database>
	</source>
	<size>
		<width>300</width>
		<height>168</height>
		<depth>3</depth>
	</size>
	<segmented>0</segmented>
	<object>
		<name>helmet</name>
		<pose>Unspecified</pose>
		<truncated>0</truncated>
		<difficult>0</difficult>
		<bndbox>
			<xmin>134</xmin>
			<ymin>12</ymin>
			<xmax>174</xmax>
			<ymax>40</ymax>
		</bndbox>
	</object>
	<object>
		<name>person with helmet</name>
		<pose>Unspecified</pose>
		<truncated>0</truncated>
		<difficult>0</difficult>
		<bndbox>
			<xmin>130</xmin>
			<ymin>11</ymin>
			<xmax>211</xmax>
			<ymax>167</ymax>
		</bndbox>
	</object>
</annotation>
