<annotation>
	<folder>all_images_folder</folder>
	<filename>worker (119).jpg</filename>
	<path>D:\dataset\all_images_folder\worker (119).jpg</path>
	<source>
		<database>Unknown</database>
	</source>
	<size>
		<width>300</width>
		<height>168</height>
		<depth>3</depth>
	</size>
	<segmented>0</segmented>
	<object>
		<name>helmet</name>
		<pose>Unspecified</pose>
		<truncated>0</truncated>
		<difficult>0</difficult>
		<bndbox>
			<xmin>124</xmin>
			<ymin>4</ymin>
			<xmax>171</xmax>
			<ymax>37</ymax>
		</bndbox>
	</object>
	<object>
		<name>person with helmet</name>
		<pose>Unspecified</pose>
		<truncated>0</truncated>
		<difficult>0</difficult>
		<bndbox>
			<xmin>91</xmin>
			<ymin>4</ymin>
			<xmax>194</xmax>
			<ymax>166</ymax>
		</bndbox>
	</object>
</annotation>
