<annotation>
	<folder>all_images_folder</folder>
	<filename>worker (162).jpg</filename>
	<path>D:\dataset\all_images_folder\worker (162).jpg</path>
	<source>
		<database>Unknown</database>
	</source>
	<size>
		<width>275</width>
		<height>183</height>
		<depth>3</depth>
	</size>
	<segmented>0</segmented>
	<object>
		<name>helmet</name>
		<pose>Unspecified</pose>
		<truncated>0</truncated>
		<difficult>0</difficult>
		<bndbox>
			<xmin>51</xmin>
			<ymin>29</ymin>
			<xmax>111</xmax>
			<ymax>68</ymax>
		</bndbox>
	</object>
	<object>
		<name>person with helmet</name>
		<pose>Unspecified</pose>
		<truncated>0</truncated>
		<difficult>0</difficult>
		<bndbox>
			<xmin>47</xmin>
			<ymin>28</ymin>
			<xmax>135</xmax>
			<ymax>180</ymax>
		</bndbox>
	</object>
</annotation>
