<annotation>
	<folder>all_images_folder</folder>
	<filename>worker (114).jpg</filename>
	<path>D:\dataset\all_images_folder\worker (114).jpg</path>
	<source>
		<database>Unknown</database>
	</source>
	<size>
		<width>271</width>
		<height>186</height>
		<depth>3</depth>
	</size>
	<segmented>0</segmented>
	<object>
		<name>helmet</name>
		<pose>Unspecified</pose>
		<truncated>1</truncated>
		<difficult>0</difficult>
		<bndbox>
			<xmin>167</xmin>
			<ymin>1</ymin>
			<xmax>263</xmax>
			<ymax>55</ymax>
		</bndbox>
	</object>
	<object>
		<name>person with helmet</name>
		<pose>Unspecified</pose>
		<truncated>1</truncated>
		<difficult>0</difficult>
		<bndbox>
			<xmin>105</xmin>
			<ymin>1</ymin>
			<xmax>271</xmax>
			<ymax>184</ymax>
		</bndbox>
	</object>
</annotation>
