<annotation>
	<folder>all_images_folder</folder>
	<filename>worker (115).jpg</filename>
	<path>D:\dataset\all_images_folder\worker (115).jpg</path>
	<source>
		<database>Unknown</database>
	</source>
	<size>
		<width>266</width>
		<height>189</height>
		<depth>3</depth>
	</size>
	<segmented>0</segmented>
	<object>
		<name>helmet</name>
		<pose>Unspecified</pose>
		<truncated>0</truncated>
		<difficult>0</difficult>
		<bndbox>
			<xmin>77</xmin>
			<ymin>3</ymin>
			<xmax>120</xmax>
			<ymax>33</ymax>
		</bndbox>
	</object>
	<object>
		<name>person with helmet</name>
		<pose>Unspecified</pose>
		<truncated>0</truncated>
		<difficult>0</difficult>
		<bndbox>
			<xmin>56</xmin>
			<ymin>2</ymin>
			<xmax>134</xmax>
			<ymax>177</ymax>
		</bndbox>
	</object>
</annotation>
