<annotation>
	<folder>all_images_folder</folder>
	<filename>worker (13).jpg</filename>
	<path>D:\dataset\all_images_folder\worker (13).jpg</path>
	<source>
		<database>Unknown</database>
	</source>
	<size>
		<width>262</width>
		<height>193</height>
		<depth>3</depth>
	</size>
	<segmented>0</segmented>
	<object>
		<name>helmet</name>
		<pose>Unspecified</pose>
		<truncated>0</truncated>
		<difficult>0</difficult>
		<bndbox>
			<xmin>156</xmin>
			<ymin>26</ymin>
			<xmax>190</xmax>
			<ymax>52</ymax>
		</bndbox>
	</object>
	<object>
		<name>person with helmet</name>
		<pose>Unspecified</pose>
		<truncated>0</truncated>
		<difficult>0</difficult>
		<bndbox>
			<xmin>105</xmin>
			<ymin>25</ymin>
			<xmax>216</xmax>
			<ymax>177</ymax>
		</bndbox>
	</object>
</annotation>
