<annotation>
	<folder>all_images_folder</folder>
	<filename>worker (166).jpg</filename>
	<path>D:\dataset\all_images_folder\worker (166).jpg</path>
	<source>
		<database>Unknown</database>
	</source>
	<size>
		<width>345</width>
		<height>146</height>
		<depth>3</depth>
	</size>
	<segmented>0</segmented>
	<object>
		<name>helmet</name>
		<pose>Unspecified</pose>
		<truncated>0</truncated>
		<difficult>0</difficult>
		<bndbox>
			<xmin>103</xmin>
			<ymin>13</ymin>
			<xmax>139</xmax>
			<ymax>36</ymax>
		</bndbox>
	</object>
	<object>
		<name>person with helmet</name>
		<pose>Unspecified</pose>
		<truncated>1</truncated>
		<difficult>0</difficult>
		<bndbox>
			<xmin>79</xmin>
			<ymin>10</ymin>
			<xmax>154</xmax>
			<ymax>146</ymax>
		</bndbox>
	</object>
</annotation>
