<annotation>
	<folder>all_images_folder</folder>
	<filename>worker (112).jpg</filename>
	<path>D:\dataset\all_images_folder\worker (112).jpg</path>
	<source>
		<database>Unknown</database>
	</source>
	<size>
		<width>259</width>
		<height>194</height>
		<depth>3</depth>
	</size>
	<segmented>0</segmented>
	<object>
		<name>helmet</name>
		<pose>Unspecified</pose>
		<truncated>0</truncated>
		<difficult>0</difficult>
		<bndbox>
			<xmin>29</xmin>
			<ymin>20</ymin>
			<xmax>74</xmax>
			<ymax>46</ymax>
		</bndbox>
	</object>
	<object>
		<name>person with helmet</name>
		<pose>Unspecified</pose>
		<truncated>0</truncated>
		<difficult>0</difficult>
		<bndbox>
			<xmin>13</xmin>
			<ymin>19</ymin>
			<xmax>79</xmax>
			<ymax>193</ymax>
		</bndbox>
	</object>
</annotation>
