<annotation>
	<folder>all_images_folder</folder>
	<filename>worker (100).jpg</filename>
	<path>D:\dataset\all_images_folder\worker (100).jpg</path>
	<source>
		<database>Unknown</database>
	</source>
	<size>
		<width>179</width>
		<height>281</height>
		<depth>3</depth>
	</size>
	<segmented>0</segmented>
	<object>
		<name>helmet</name>
		<pose>Unspecified</pose>
		<truncated>0</truncated>
		<difficult>0</difficult>
		<bndbox>
			<xmin>39</xmin>
			<ymin>69</ymin>
			<xmax>131</xmax>
			<ymax>102</ymax>
		</bndbox>
	</object>
	<object>
		<name>person with helmet</name>
		<pose>Unspecified</pose>
		<truncated>1</truncated>
		<difficult>0</difficult>
		<bndbox>
			<xmin>38</xmin>
			<ymin>67</ymin>
			<xmax>179</xmax>
			<ymax>192</ymax>
		</bndbox>
	</object>
</annotation>
