<annotation>
	<folder>all_images_folder</folder>
	<filename>worker (12).jpg</filename>
	<path>D:\dataset\all_images_folder\worker (12).jpg</path>
	<source>
		<database>Unknown</database>
	</source>
	<size>
		<width>255</width>
		<height>198</height>
		<depth>3</depth>
	</size>
	<segmented>0</segmented>
	<object>
		<name>helmet</name>
		<pose>Unspecified</pose>
		<truncated>0</truncated>
		<difficult>0</difficult>
		<bndbox>
			<xmin>36</xmin>
			<ymin>25</ymin>
			<xmax>135</xmax>
			<ymax>77</ymax>
		</bndbox>
	</object>
	<object>
		<name>person with helmet</name>
		<pose>Unspecified</pose>
		<truncated>0</truncated>
		<difficult>0</difficult>
		<bndbox>
			<xmin>9</xmin>
			<ymin>23</ymin>
			<xmax>157</xmax>
			<ymax>180</ymax>
		</bndbox>
	</object>
</annotation>
