<annotation>
	<folder>all_images_folder</folder>
	<filename>worker (138).jpg</filename>
	<path>D:\dataset\all_images_folder\worker (138).jpg</path>
	<source>
		<database>Unknown</database>
	</source>
	<size>
		<width>262</width>
		<height>192</height>
		<depth>3</depth>
	</size>
	<segmented>0</segmented>
	<object>
		<name>person with helmet</name>
		<pose>Unspecified</pose>
		<truncated>0</truncated>
		<difficult>0</difficult>
		<bndbox>
			<xmin>41</xmin>
			<ymin>42</ymin>
			<xmax>82</xmax>
			<ymax>61</ymax>
		</bndbox>
	</object>
	<object>
		<name>person with helmet</name>
		<pose>Unspecified</pose>
		<truncated>0</truncated>
		<difficult>0</difficult>
		<bndbox>
			<xmin>9</xmin>
			<ymin>41</ymin>
			<xmax>98</xmax>
			<ymax>174</ymax>
		</bndbox>
	</object>
</annotation>
