<annotation>
	<folder>all_images_folder</folder>
	<filename>worker (11).jpg</filename>
	<path>D:\dataset\all_images_folder\worker (11).jpg</path>
	<source>
		<database>Unknown</database>
	</source>
	<size>
		<width>259</width>
		<height>194</height>
		<depth>3</depth>
	</size>
	<segmented>0</segmented>
	<object>
		<name>helmet</name>
		<pose>Unspecified</pose>
		<truncated>0</truncated>
		<difficult>0</difficult>
		<bndbox>
			<xmin>145</xmin>
			<ymin>30</ymin>
			<xmax>185</xmax>
			<ymax>61</ymax>
		</bndbox>
	</object>
	<object>
		<name>person with helmet</name>
		<pose>Unspecified</pose>
		<truncated>0</truncated>
		<difficult>0</difficult>
		<bndbox>
			<xmin>117</xmin>
			<ymin>28</ymin>
			<xmax>187</xmax>
			<ymax>184</ymax>
		</bndbox>
	</object>
</annotation>
