<annotation>
	<folder>all_images_folder</folder>
	<filename>worker (128).jpg</filename>
	<path>D:\dataset\all_images_folder\worker (128).jpg</path>
	<source>
		<database>Unknown</database>
	</source>
	<size>
		<width>259</width>
		<height>194</height>
		<depth>3</depth>
	</size>
	<segmented>0</segmented>
	<object>
		<name>person without helmet</name>
		<pose>Unspecified</pose>
		<truncated>0</truncated>
		<difficult>0</difficult>
		<bndbox>
			<xmin>63</xmin>
			<ymin>23</ymin>
			<xmax>185</xmax>
			<ymax>193</ymax>
		</bndbox>
	</object>
	<object>
		<name>person without helmet</name>
		<pose>Unspecified</pose>
		<truncated>1</truncated>
		<difficult>0</difficult>
		<bndbox>
			<xmin>217</xmin>
			<ymin>49</ymin>
			<xmax>259</xmax>
			<ymax>104</ymax>
		</bndbox>
	</object>
</annotation>
