<annotation>
	<folder>all_images_folder</folder>
	<filename>worker (122).jpg</filename>
	<path>D:\dataset\all_images_folder\worker (122).jpg</path>
	<source>
		<database>Unknown</database>
	</source>
	<size>
		<width>263</width>
		<height>192</height>
		<depth>3</depth>
	</size>
	<segmented>0</segmented>
	<object>
		<name>helmet</name>
		<pose>Unspecified</pose>
		<truncated>0</truncated>
		<difficult>0</difficult>
		<bndbox>
			<xmin>47</xmin>
			<ymin>3</ymin>
			<xmax>97</xmax>
			<ymax>41</ymax>
		</bndbox>
	</object>
	<object>
		<name>person with helmet</name>
		<pose>Unspecified</pose>
		<truncated>1</truncated>
		<difficult>0</difficult>
		<bndbox>
			<xmin>19</xmin>
			<ymin>1</ymin>
			<xmax>124</xmax>
			<ymax>176</ymax>
		</bndbox>
	</object>
</annotation>
