<annotation>
	<folder>all_images_folder</folder>
	<filename>worker (160).jpg</filename>
	<path>D:\dataset\all_images_folder\worker (160).jpg</path>
	<source>
		<database>Unknown</database>
	</source>
	<size>
		<width>266</width>
		<height>189</height>
		<depth>3</depth>
	</size>
	<segmented>0</segmented>
	<object>
		<name>helmet</name>
		<pose>Unspecified</pose>
		<truncated>0</truncated>
		<difficult>0</difficult>
		<bndbox>
			<xmin>181</xmin>
			<ymin>34</ymin>
			<xmax>243</xmax>
			<ymax>74</ymax>
		</bndbox>
	</object>
	<object>
		<name>person with helmet</name>
		<pose>Unspecified</pose>
		<truncated>0</truncated>
		<difficult>0</difficult>
		<bndbox>
			<xmin>179</xmin>
			<ymin>33</ymin>
			<xmax>248</xmax>
			<ymax>175</ymax>
		</bndbox>
	</object>
</annotation>
