<annotation>
	<folder>all_images_folder</folder>
	<filename>worker (140).jpg</filename>
	<path>D:\dataset\all_images_folder\worker (140).jpg</path>
	<source>
		<database>Unknown</database>
	</source>
	<size>
		<width>259</width>
		<height>194</height>
		<depth>3</depth>
	</size>
	<segmented>0</segmented>
	<object>
		<name>helmet</name>
		<pose>Unspecified</pose>
		<truncated>0</truncated>
		<difficult>0</difficult>
		<bndbox>
			<xmin>147</xmin>
			<ymin>71</ymin>
			<xmax>162</xmax>
			<ymax>83</ymax>
		</bndbox>
	</object>
	<object>
		<name>person with helmet</name>
		<pose>Unspecified</pose>
		<truncated>0</truncated>
		<difficult>0</difficult>
		<bndbox>
			<xmin>136</xmin>
			<ymin>70</ymin>
			<xmax>169</xmax>
			<ymax>181</ymax>
		</bndbox>
	</object>
</annotation>
