<annotation>
	<folder>all_images_folder</folder>
	<filename>worker (154).jpg</filename>
	<path>D:\dataset\all_images_folder\worker (154).jpg</path>
	<source>
		<database>Unknown</database>
	</source>
	<size>
		<width>183</width>
		<height>275</height>
		<depth>3</depth>
	</size>
	<segmented>0</segmented>
	<object>
		<name>person without helmet</name>
		<pose>Unspecified</pose>
		<truncated>0</truncated>
		<difficult>0</difficult>
		<bndbox>
			<xmin>25</xmin>
			<ymin>52</ymin>
			<xmax>159</xmax>
			<ymax>273</ymax>
		</bndbox>
	</object>
</annotation>
