<annotation>
	<folder>all_images_folder</folder>
	<filename>worker (147).jpg</filename>
	<path>D:\dataset\all_images_folder\worker (147).jpg</path>
	<source>
		<database>Unknown</database>
	</source>
	<size>
		<width>266</width>
		<height>189</height>
		<depth>3</depth>
	</size>
	<segmented>0</segmented>
	<object>
		<name>helmet</name>
		<pose>Unspecified</pose>
		<truncated>1</truncated>
		<difficult>0</difficult>
		<bndbox>
			<xmin>75</xmin>
			<ymin>1</ymin>
			<xmax>121</xmax>
			<ymax>27</ymax>
		</bndbox>
	</object>
	<object>
		<name>person with helmet</name>
		<pose>Unspecified</pose>
		<truncated>1</truncated>
		<difficult>0</difficult>
		<bndbox>
			<xmin>7</xmin>
			<ymin>1</ymin>
			<xmax>129</xmax>
			<ymax>178</ymax>
		</bndbox>
	</object>
</annotation>
