<annotation>
	<folder>all_images_folder</folder>
	<filename>worker (118).jpg</filename>
	<path>D:\dataset\all_images_folder\worker (118).jpg</path>
	<source>
		<database>Unknown</database>
	</source>
	<size>
		<width>262</width>
		<height>192</height>
		<depth>3</depth>
	</size>
	<segmented>0</segmented>
	<object>
		<name>helmet</name>
		<pose>Unspecified</pose>
		<truncated>0</truncated>
		<difficult>0</difficult>
		<bndbox>
			<xmin>128</xmin>
			<ymin>40</ymin>
			<xmax>165</xmax>
			<ymax>66</ymax>
		</bndbox>
	</object>
	<object>
		<name>person with helmet</name>
		<pose>Unspecified</pose>
		<truncated>0</truncated>
		<difficult>0</difficult>
		<bndbox>
			<xmin>108</xmin>
			<ymin>40</ymin>
			<xmax>191</xmax>
			<ymax>174</ymax>
		</bndbox>
	</object>
</annotation>
