<annotation>
	<folder>all_images_folder</folder>
	<filename>worker (117).jpg</filename>
	<path>D:\dataset\all_images_folder\worker (117).jpg</path>
	<source>
		<database>Unknown</database>
	</source>
	<size>
		<width>267</width>
		<height>189</height>
		<depth>3</depth>
	</size>
	<segmented>0</segmented>
	<object>
		<name>helmet</name>
		<pose>Unspecified</pose>
		<truncated>0</truncated>
		<difficult>0</difficult>
		<bndbox>
			<xmin>131</xmin>
			<ymin>8</ymin>
			<xmax>188</xmax>
			<ymax>49</ymax>
		</bndbox>
	</object>
	<object>
		<name>person with helmet</name>
		<pose>Unspecified</pose>
		<truncated>0</truncated>
		<difficult>0</difficult>
		<bndbox>
			<xmin>130</xmin>
			<ymin>4</ymin>
			<xmax>239</xmax>
			<ymax>175</ymax>
		</bndbox>
	</object>
</annotation>
