<annotation>
	<folder>all_images_folder</folder>
	<filename>worker (10).jpg</filename>
	<path>D:\dataset\all_images_folder\worker (10).jpg</path>
	<source>
		<database>Unknown</database>
	</source>
	<size>
		<width>262</width>
		<height>192</height>
		<depth>3</depth>
	</size>
	<segmented>0</segmented>
	<object>
		<name>helmet</name>
		<pose>Unspecified</pose>
		<truncated>0</truncated>
		<difficult>0</difficult>
		<bndbox>
			<xmin>101</xmin>
			<ymin>33</ymin>
			<xmax>144</xmax>
			<ymax>62</ymax>
		</bndbox>
	</object>
	<object>
		<name>person with helmet</name>
		<pose>Unspecified</pose>
		<truncated>0</truncated>
		<difficult>0</difficult>
		<bndbox>
			<xmin>73</xmin>
			<ymin>32</ymin>
			<xmax>158</xmax>
			<ymax>175</ymax>
		</bndbox>
	</object>
</annotation>
