<annotation>
	<folder>all_images_folder</folder>
	<filename>worker (135).jpg</filename>
	<path>D:\dataset\all_images_folder\worker (135).jpg</path>
	<source>
		<database>Unknown</database>
	</source>
	<size>
		<width>259</width>
		<height>194</height>
		<depth>3</depth>
	</size>
	<segmented>0</segmented>
	<object>
		<name>helmet</name>
		<pose>Unspecified</pose>
		<truncated>0</truncated>
		<difficult>0</difficult>
		<bndbox>
			<xmin>139</xmin>
			<ymin>30</ymin>
			<xmax>181</xmax>
			<ymax>63</ymax>
		</bndbox>
	</object>
	<object>
		<name>person with helmet</name>
		<pose>Unspecified</pose>
		<truncated>0</truncated>
		<difficult>0</difficult>
		<bndbox>
			<xmin>120</xmin>
			<ymin>30</ymin>
			<xmax>191</xmax>
			<ymax>193</ymax>
		</bndbox>
	</object>
</annotation>
