<annotation>
	<folder>all_images_folder</folder>
	<filename>worker (139).jpg</filename>
	<path>D:\dataset\all_images_folder\worker (139).jpg</path>
	<source>
		<database>Unknown</database>
	</source>
	<size>
		<width>251</width>
		<height>201</height>
		<depth>3</depth>
	</size>
	<segmented>0</segmented>
	<object>
		<name>helmet</name>
		<pose>Unspecified</pose>
		<truncated>0</truncated>
		<difficult>0</difficult>
		<bndbox>
			<xmin>59</xmin>
			<ymin>30</ymin>
			<xmax>101</xmax>
			<ymax>57</ymax>
		</bndbox>
	</object>
	<object>
		<name>person with helmet</name>
		<pose>Unspecified</pose>
		<truncated>0</truncated>
		<difficult>0</difficult>
		<bndbox>
			<xmin>36</xmin>
			<ymin>30</ymin>
			<xmax>124</xmax>
			<ymax>190</ymax>
		</bndbox>
	</object>
</annotation>
