<annotation>
	<folder>all_images_folder</folder>
	<filename>worker (164).jpg</filename>
	<path>D:\dataset\all_images_folder\worker (164).jpg</path>
	<source>
		<database>Unknown</database>
	</source>
	<size>
		<width>267</width>
		<height>189</height>
		<depth>3</depth>
	</size>
	<segmented>0</segmented>
	<object>
		<name>helmet</name>
		<pose>Unspecified</pose>
		<truncated>0</truncated>
		<difficult>0</difficult>
		<bndbox>
			<xmin>142</xmin>
			<ymin>39</ymin>
			<xmax>184</xmax>
			<ymax>58</ymax>
		</bndbox>
	</object>
	<object>
		<name>person with helmet</name>
		<pose>Unspecified</pose>
		<truncated>0</truncated>
		<difficult>0</difficult>
		<bndbox>
			<xmin>136</xmin>
			<ymin>39</ymin>
			<xmax>206</xmax>
			<ymax>177</ymax>
		</bndbox>
	</object>
</annotation>
