<annotation>
	<folder>all_images_folder</folder>
	<filename>worker (143).jpg</filename>
	<path>D:\dataset\all_images_folder\worker (143).jpg</path>
	<source>
		<database>Unknown</database>
	</source>
	<size>
		<width>265</width>
		<height>190</height>
		<depth>3</depth>
	</size>
	<segmented>0</segmented>
	<object>
		<name>helmet</name>
		<pose>Unspecified</pose>
		<truncated>0</truncated>
		<difficult>0</difficult>
		<bndbox>
			<xmin>164</xmin>
			<ymin>5</ymin>
			<xmax>203</xmax>
			<ymax>34</ymax>
		</bndbox>
	</object>
	<object>
		<name>person with helmet</name>
		<pose>Unspecified</pose>
		<truncated>0</truncated>
		<difficult>0</difficult>
		<bndbox>
			<xmin>131</xmin>
			<ymin>4</ymin>
			<xmax>237</xmax>
			<ymax>177</ymax>
		</bndbox>
	</object>
</annotation>
