<annotation>
	<folder>all_images_folder</folder>
	<filename>worker (16).jpg</filename>
	<path>D:\dataset\all_images_folder\worker (16).jpg</path>
	<source>
		<database>Unknown</database>
	</source>
	<size>
		<width>263</width>
		<height>192</height>
		<depth>3</depth>
	</size>
	<segmented>0</segmented>
	<object>
		<name>person with helmet</name>
		<pose>Unspecified</pose>
		<truncated>0</truncated>
		<difficult>0</difficult>
		<bndbox>
			<xmin>39</xmin>
			<ymin>19</ymin>
			<xmax>75</xmax>
			<ymax>47</ymax>
		</bndbox>
	</object>
	<object>
		<name>helmet</name>
		<pose>Unspecified</pose>
		<truncated>0</truncated>
		<difficult>0</difficult>
		<bndbox>
			<xmin>37</xmin>
			<ymin>19</ymin>
			<xmax>73</xmax>
			<ymax>47</ymax>
		</bndbox>
	</object>
	<object>
		<name>helmet</name>
		<pose>Unspecified</pose>
		<truncated>0</truncated>
		<difficult>0</difficult>
		<bndbox>
			<xmin>91</xmin>
			<ymin>22</ymin>
			<xmax>118</xmax>
			<ymax>45</ymax>
		</bndbox>
	</object>
	<object>
		<name>helmet</name>
		<pose>Unspecified</pose>
		<truncated>0</truncated>
		<difficult>0</difficult>
		<bndbox>
			<xmin>136</xmin>
			<ymin>15</ymin>
			<xmax>161</xmax>
			<ymax>34</ymax>
		</bndbox>
	</object>
	<object>
		<name>helmet</name>
		<pose>Unspecified</pose>
		<truncated>0</truncated>
		<difficult>0</difficult>
		<bndbox>
			<xmin>186</xmin>
			<ymin>17</ymin>
			<xmax>215</xmax>
			<ymax>36</ymax>
		</bndbox>
	</object>
	<object>
		<name>person with helmet</name>
		<pose>Unspecified</pose>
		<truncated>0</truncated>
		<difficult>0</difficult>
		<bndbox>
			<xmin>24</xmin>
			<ymin>17</ymin>
			<xmax>71</xmax>
			<ymax>129</ymax>
		</bndbox>
	</object>
	<object>
		<name>person with helmet</name>
		<pose>Unspecified</pose>
		<truncated>0</truncated>
		<difficult>0</difficult>
		<bndbox>
			<xmin>76</xmin>
			<ymin>22</ymin>
			<xmax>120</xmax>
			<ymax>126</ymax>
		</bndbox>
	</object>
	<object>
		<name>person with helmet</name>
		<pose>Unspecified</pose>
		<truncated>0</truncated>
		<difficult>0</difficult>
		<bndbox>
			<xmin>122</xmin>
			<ymin>15</ymin>
			<xmax>169</xmax>
			<ymax>120</ymax>
		</bndbox>
	</object>
	<object>
		<name>person with helmet</name>
		<pose>Unspecified</pose>
		<truncated>0</truncated>
		<difficult>0</difficult>
		<bndbox>
			<xmin>179</xmin>
			<ymin>16</ymin>
			<xmax>229</xmax>
			<ymax>124</ymax>
		</bndbox>
	</object>
</annotation>
